time,obs_0,obs_1,x_0,x_1,regime
0.0,nan,nan,0.11179777438734113,0.33945678153594744,0
0.01,nan,nan,0.11519234220270061,0.3376598902290021,0
0.02,0.17349810513522834,0.4889468028901419,0.11856894110499062,0.3358326470265171,0
0.03,0.1281846226396132,0.34944957869526155,0.1219272675752558,0.33397529232141415,0
0.04,0.11097659504375025,0.1286464144576491,0.12526702049846994,0.3320880690610188,0
0.05,0.3856044265035055,0.4523576080500727,0.12858790118908012,0.33017122271791205,3
0.06,0.10002759005061089,0.30147479887051476,0.13188961341625924,0.3282250012605854,3
0.07,0.27977610888620996,0.2959758698746844,0.13517186342886509,0.32624965512390164,3
0.08,0.2893889812354654,0.49350354506820726,0.13843435998010412,0.32474543717936516,1
0.09,0.22012089623399217,0.46380062145525625,0.14168181435189778,0.3232116027052054,1
0.1,0.15395739554643176,0.4259533532336605,0.14491393037894984,0.321648361356276,1
0.11,0.15065526514026498,0.2593208916361198,0.1481304139925126,0.32005592532977395,1
0.12,0.22277995359515002,0.2384419467962914,0.15133097324581032,0.31793450933918926,3
0.13,0.3244182788189656,0.4207783844588041,0.15451031833920223,0.3157853305880528,3
0.14,0.2672392841382453,0.26531046027089644,0.15766817164508276,0.3136086567434847,3
0.15,0.28895112560821173,0.3328760714994924,0.16080425821251762,0.3114047577135469,2
0.16,0.2601823303125245,0.29328141560276355,0.16391830578965308,0.30917390561599467,2
0.17,0.11484878112157551,0.28260324244705093,0.16701004484581303,0.30691637474686617,3
0.18,0.012584569709079174,0.14674886246900917,0.17007920859328168,0.30463244154891433,3
0.19,0.07584929184848352,0.432287016331644,0.17312553300877082,0.3023223845798837,3
0.2,0.19318189550797984,0.12436886573495123,0.17614875685456965,0.2999864844806362,0
0.21,0.13060136631033797,0.1943744039669333,0.179148621699376,0.29762502394312923,0
0.22,0.37460083497707386,0.19054279843306376,0.1821248719388073,0.2952382876782492,0
0.23,0.16140139888612487,0.2740288822674432,0.1850772548155898,0.29282656238350463,0
0.24,-0.12459880107949392,0.3062266175497968,0.18800552043942484,0.2903901367105817,0
0.25,0.0819999813269015,0.3759463032957342,0.19090942180653064,0.28792930123276633,0
0.26,0.06395328319805442,0.2530569755759601,0.19378871481885832,0.2854443484122355,0
0.27,0.19743617788189546,0.2929905974179949,0.19664315830298068,0.2829355725672224,0
0.28,0.19067321433636458,0.43888092220006986,0.1994725140286529,0.28040326983905817,0
0.29,0.08016754532781964,0.4788020057074741,0.20227654672704348,0.2778477381590935,0
0.3,0.17985199437999608,0.20027937034429558,0.2050550241086344,0.2752692772155049,0
0.31,0.1640955597238144,0.3587991156488627,0.20780771688078947,0.2726681884199876,0
0.32,0.2057228185571487,0.20597365756342492,0.21053439876498936,0.2700447748743397,0
0.33,0.12956679184676984,0.08662693012342745,0.21323484651373276,0.2673993413369411,0
0.34,0.4199990865814981,0.25971229318550615,0.21590883992710216,0.2647321941891299,0
0.35000000000000003,0.1756219275283179,0.298107582039493,0.21855616186899346,0.2620436414014806,0
0.36,0.4033727635844858,0.21494869366616165,0.22117659828300826,0.25933399249998773,0
0.37,0.05336063560075238,0.22302510299550235,0.22376993820800814,0.25660355853215766,0
0.38,0.23727071458434126,0.4507094346024887,0.2263359737933297,0.25385265203301327,0
0.39,0.2150804203162707,0.36841242443648425,0.22887450031365983,0.25108158699101396,0
0.4,0.26244411923348365,0.1806290502209149,0.23138531618356997,0.24829067881389533,0
0.41000000000000003,0.09541830214207472,0.10408744181592205,0.23386822297170892,0.24548024429443183,0
0.42,0.13567121644450936,0.5024214380612503,0.23632302541465325,0.24315060157612586,1
0.43,0.10090165965043546,0.1417445296800343,0.2387545314304145,0.24080107011882707,1
0.44,0.2117833889365465,0.040481227443371515,0.24116254213160276,0.23793192266428526,0
0.45,0.18984820132623373,0.4570583702740033,0.24354186135824563,0.23504443339764067,0
0.46,0.3437630911601658,0.33731983263257925,0.24589230569222204,0.23213892591726293,2
0.47000000000000003,0.32948280756124604,0.1603310861065001,0.24821369495139467,0.22921572500850618,2
0.48,0.1865180531630079,0.33271117330009714,0.25050585220147975,0.2262751566089752,2
0.49,-0.07336314912518416,0.343790831678394,0.2527686037675695,0.22331754777374246,2
0.5,0.5076669139770933,0.07541952259829621,0.2550017792453069,0.22034322664051928,2
0.51,0.21079451718917713,0.3282876254716788,0.2572052115117121,0.21735252239478517,2
0.52,0.4735847398501394,0.16009703326289138,0.25937873673566,0.21434576523487847,2
0.53,0.1930280106833854,0.11417700964188707,0.2615221943880088,0.2113232863370521,2
0.54,0.18171668872468927,0.23758420055505822,0.2636354272513793,0.20828541782049792,2
0.55,0.13866017792493632,0.13677427500508865,0.26571828142958426,0.20523249271234312,2
0.56,0.36606206177930983,0.0311333171703847,0.2677706063567077,0.2021648449126226,2
0.5700000000000001,0.4474145067930012,0.0930025392152211,0.2697922548058339,0.19908280915923027,2
0.58,0.6161000354733801,0.24815784625328807,0.2717830828974262,0.19598672099285347,2
0.59,0.4601152970287202,0.1982573177558287,0.2737429501073547,0.1928769167218935,2
0.6,0.26772599900946575,0.10536660245845067,0.2756717192745737,0.18975373338737617,2
0.61,0.1826014076757921,0.22001960883021002,0.27756925660844745,0.18661750872785568,2
0.62,0.27363875965364715,0.1598689688236585,0.279435431695726,0.1834685811443155,2
0.63,0.4352619330888198,0.15445810796757603,0.2812701175071691,0.1803072896650696,3
0.64,0.3592426571053267,0.06070494696791222,0.28307319040381984,0.17713397391066776,0
0.65,0.14648023712363553,0.1995154920712345,0.28484453014292654,0.17394897405880824,0
0.66,0.3636448640974036,0.21125307538244323,0.2865840198835146,0.17075263080926137,0
0.67,0.11931289385328134,0.32169413733636554,0.28829154619160724,0.1675452853488077,0
0.68,0.3601405700917606,0.20644959184078723,0.2899669990450953,0.164827279316194,1
0.6900000000000001,0.2880581624406495,0.3593277598749999,0.29161527183825725,0.16209795476711067,1
0.7000000000000001,0.13168416332101288,0.2640017925243262,0.29323625138592835,0.15935760613919386,1
0.71,0.397804584254666,0.13624672002151678,0.2948298274473203,0.1566065284130562,1
0.72,0.2949809586262957,0.1733594495285274,0.29639589273145084,0.15384501708175688,1
0.73,0.3062112642080653,0.03454676664412169,0.2979343429022684,0.15107336812027886,1
0.74,0.47422072563820106,0.25153717885465776,0.2994450765834712,0.1482918779550156,1
0.75,0.2604250867311815,0.20854022856097304,0.30092799536302134,0.14550084343327085,1
0.76,0.17999999382121085,0.2563321800546965,0.30238300379735406,0.1427005617927741,1
0.77,0.16001454321074096,0.29537725192574477,0.3038100094152818,0.139891330631215,1
0.78,0.1411954595448963,nan,0.30520892272159394,0.13657344787579975,0
0.79,0.23131981363946147,0.3375997748827973,0.30657465720035193,0.13324821175283222,0
0.8,0.48265394782262083,0.0650143426468908,0.3079071393178803,0.12991596875732303,0
0.81,0.3958718964681885,0.2055387025220229,0.3092062990054535,0.12657706542662958,0
0.8200000000000001,0.38043854049410863,-0.04626125394763758,0.3104720696597198,0.12323184830572179,0
0.8300000000000001,0.34444367195480774,0.19101425492277568,0.311704388142777,0.12038066391251315,1
0.84,nan,-0.13399408304592544,0.3129081947819021,0.11752285870326035,1
0.85,0.4434293382252878,0.13997333416150323,0.31408342336893474,0.11465873103803481,1
0.86,0.47818419062033735,0.08560047999462939,0.3152300106793151,0.11178857934226939,1
0.87,0.19997681411733176,0.08372980151648005,0.3163478964727378,0.1089127020767917,1
0.88,0.28380857098032924,0.06494687622464732,0.3174370234935057,0.10603139770791074,1
0.89,0.24469211380601286,0.04056807371673171,0.31849733747058484,0.10264496467755986,3
0.9,0.3640151535791678,0.11246877730629923,0.31952378711736046,0.0992547013734989,3
0.91,0.2245431628049288,0.10859350400318649,0.3205163341310954,0.0958609540995783,3
0.92,0.17784872573794988,0.21474678091486155,0.32147494367209123,0.09246406885006819,3
0.93,0.32754512841418026,-0.12274040910777996,0.3223995843605919,0.08906439127564714,3
0.9400000000000001,0.4046073303493,-0.0035140526181871162,0.32329022827334836,0.08566226664948992,3
0.9500000000000001,0.3042394045011991,0.13878742334145372,0.32414685093984325,0.08225803983345746,3
0.96,0.47999166579834596,-0.03159899415425323,0.3249694313381778,0.07885205524439211,3
0.97,0.43749493709170023,0.014068884926198844,0.32575795189062173,0.07594465682052154,1
0.98,0.38680414873042657,-0.03500295702174702,0.32651739845882694,0.07303518798797427,1
0.99,0.2003967443370034,nan,0.3272477503387067,0.07012394362741005,1
1.0,0.3955426910428094,0.15243194193486304,0.32794898977498077,0.06721121823676816,1
1.01,0.34104818538830656,0.12326094694819145,0.32862110195734845,0.06379730590254482,3
1.02,0.3331018178182116,0.08295022065200544,0.3292590750163739,0.06038350027116624,3
1.03,0.541074679834537,0.08756118245035052,0.3298629100190856,0.05697014252046017,3
1.04,0.34742273809784896,0.13182077800573713,0.3304326114442902,0.053557573135228395,3
1.05,0.32867903002303794,-0.03196301418358396,0.33096818717564247,0.05014613187451503,2
1.06,0.2881882065901651,nan,0.33146964849438765,0.046736157739009576,2
1.07,0.4035620853403322,0.15455994680778046,0.3319370100717777,0.04332798893858768,2
1.08,0.241540281363473,0.028428711443907746,0.3323702899611636,0.03992196285999273,2
1.09,0.36420140100363657,-0.13310849772845185,0.3327695095897635,0.037018416034661106,1
1.1,0.5824940487196382,0.04357759796508205,0.3331396937501101,0.03411668410669415,1
1.11,0.33320592227221457,-0.023361693479427126,0.33348086059117704,0.03121705380097966,1
1.12,0.239492897799081,0.028089105461362906,0.33379303112918685,0.02831981108746593,1
1.1300000000000001,0.4608477251008824,0.085628672993049,0.33407622924006153,0.02542524115399913,1
1.1400000000000001,0.3939922686154413,0.14335997926151345,0.3343304816516015,0.022533628379290516,1
1.1500000000000001,0.3490487681054185,-0.006718727972554257,0.3345558179353944,0.01914525630601592,0
1.16,0.3378341258459644,nan,0.33474727049845454,0.015761407614049944,0
1.17,0.34588962892961167,0.12847517620885301,0.33490488457459505,0.012382412093837298,0
1.18,0.3011590442575451,-0.19676413434285764,0.3350287086955334,0.009008598423903672,0
1.19,0.35026813068290397,0.0392024775461537,0.33511879467977246,0.005640294140100531,0
1.2,0.22106197961022328,-0.004030560188999149,0.3351751976211735,0.002277825605022605,0
1.21,0.4757740597571901,0.14450799841221496,0.3351979758772237,-0.001078482022399175,0
1.22,0.31625044059553553,0.04300389605214762,0.33518719105699973,-0.004428304817126614,3
1.23,0.2918320773716909,0.020951624002866973,0.33514290800882846,-0.007771320118062358,3
1.24,0.33223626422672903,-0.032171656431087964,0.33506519480764785,-0.011107206557914518,3
1.25,0.506491589687359,0.058827660822168164,0.3349541227420687,-0.014435644092875167,3
1.26,0.41728805588278167,-0.13678963899231605,0.33480976630113995,-0.0177563140321101,3
1.27,nan,-0.08081080682815969,0.3346322031608189,-0.02056889906705728,1
1.28,0.3162581565369234,-0.09667017373640079,0.3344265141701483,-0.023374083300531357,1
1.29,0.2900803160683196,0.1348943544865485,0.334192773337143,-0.026171600275631778,1
1.3,0.30227925402515443,0.14467082607968365,0.33393105733438666,-0.028961184808451945,1
1.31,0.4154810462271412,0.0792782357561298,0.33364144548630215,-0.03174257301217891,1
1.32,0.4754931345169928,-0.04920578911136772,0.33332401975618037,-0.03451550232101757,1
1.33,0.41471070420803097,0.02081005951218093,0.33297886473297017,-0.03777971151393734,0
1.34,0.4321250395074044,0.05651885478996415,0.3326010676178308,-0.04103394073823916,0
1.35,0.46375865431395286,-0.07980225632231974,0.3321907282104484,-0.044277883532940994,0
1.36,0.40912804940151426,0.08564990610674394,0.33174794937511903,-0.0475112350479796,0
1.37,0.23425546065897426,-0.01802980006848378,0.3312728370246392,-0.05073369207163483,0
1.3800000000000001,0.23163274907069747,-0.09055323327991835,0.33076550010392286,-0.05394495305773795,0
1.3900000000000001,0.4425548493712589,0.05625419427719059,0.3302260505733455,-0.0571447181526617,0
1.4000000000000001,0.368934412954819,0.014603805368456284,0.32965460339181885,-0.060332689222089834,0
1.41,0.415923485604605,-0.12855637455551341,0.3290512764995979,-0.06350856987756384,0
1.42,nan,0.011595277175073755,0.3284161908008223,-0.06667206550280469,0
1.43,0.2967410863733011,-0.08396740193463738,0.32774947014579425,-0.0698228832798073,0
1.44,0.22675863780760347,-0.14165329980491403,0.3270512413129962,-0.07296073221470563,0
1.45,0.4650868826091413,-0.11967667672924384,0.3263216339908491,-0.07608532316340617,0
1.46,0.3024762625667873,0.05615990124529423,0.3255607807592151,-0.07919636885698786,0
1.47,0.24092387407897198,-0.10022737891870112,0.3247688170706452,-0.08229358392686603,0
1.48,0.24595325889544228,0.12906703052348356,0.3239458812313765,-0.08537668492971875,0
1.49,0.15164196107693698,-0.1362174659593067,0.32309211438207935,-0.08844539037217308,0
1.5,0.1823883206480492,0.04505071248327028,0.32220766047835764,-0.09149942073524953,0
1.51,0.182644520513971,nan,0.32129266627100517,-0.0945384984985626,0
1.52,0.33072647276793243,-0.09062280179314176,0.3203472812860195,-0.09756234816427553,0
1.53,nan,-0.17591180091970116,0.31937165780437676,-0.10057069628080717,0
1.54,0.18805264063861574,0.08601017945846848,0.3183659508415687,-0.10356327146628933,0
1.55,0.3104103723970712,-0.1618502770846228,0.3173303181269058,-0.10653980443177244,0
1.56,0.5693917054433419,-0.05331642463879444,0.3162649200825881,-0.10950002800417795,0
1.57,0.2987964121767439,-0.03382296522624685,0.31516991980254633,-0.11244367714899547,0
1.58,0.42960228806003675,-0.05384939658286223,0.3140454830310564,-0.11537048899272295,0
1.59,0.12366508742545629,-0.08621774551598045,0.3128917781411292,-0.11778020284504807,1
1.6,0.45243986113232987,-0.06715596285911568,0.3117139761126787,-0.12067356022076926,2
1.61,0.24114043530052276,-0.3368829446422487,0.310507240510471,-0.1235493528614545,2
1.62,0.32205929481913015,-0.046785286258149844,0.3092717469818565,-0.1264073265608363,2
1.6300000000000001,0.2715659817373877,-0.09436013768385582,0.30800767371624815,-0.1292472293775332,2
1.6400000000000001,0.4231980160608345,0.06493950158805417,0.3067152014224728,-0.13206881165594062,2
1.6500000000000001,0.25028190529150013,-0.15943836302342954,0.30539451330591344,-0.13487182604685347,2
1.6600000000000001,0.188352776392236,0.04349737006119467,0.3040457950454449,-0.13765602752781889,2
1.67,nan,-0.09243923525401901,0.30266923477016666,-0.1404211734232177,2
1.68,0.49754939962370104,-0.14215925051764147,0.3012650230359345,-0.14316702342407292,2
1.69,0.23754751111649475,-0.08628793055909037,0.29983335280169376,-0.14589333960758413,2
1.7,0.11180400581485836,-0.05172356654556566,0.29837441940561793,-0.14859988645638592,2
1.71,0.3365111084001195,0.03654705614165793,0.2968884205410541,-0.15128643087752933,2
1.72,0.11393419317051617,-0.20485974280309754,0.2953755562322788,-0.1539527422211848,2
1.73,0.4340742893940597,-0.16956054355435723,0.29383602881006693,-0.15659859229906523,2
1.74,0.19417763066700827,-0.08120023603249955,0.29227004288707625,-0.15922375540256775,2
1.75,0.34165878508343916,-0.2371506753376793,0.2906778053330506,-0.16182800832063338,2
1.76,0.23089496401725337,-0.23956978133495674,0.28905952524984424,-0.1644111303573226,3
1.77,0.5396144896248111,-0.024476984558489318,0.287415413946271,-0.1669729033491064,3
1.78,0.38008212132657615,-0.21621211879421912,0.28574568491277996,-0.1695131116818709,3
1.79,0.3606787133215209,-0.09422521385882442,0.2840505537959613,-0.17153154230763495,1
1.8,0.3533361542545854,-0.16019729541340075,0.28233523837288493,-0.1735289847609793,1
1.81,0.09569163918691756,-0.31431361669824653,0.28059994852527514,-0.17600527917518619,2
1.82,0.3416455042235728,-0.07080829756384702,0.2788398957335233,-0.17845926810208856,2
1.83,0.37636093238213536,-0.19122390215611196,0.2770553030525024,-0.18089074852321962,2
1.84,0.17376042239090406,-0.045847868207932796,0.2752463955672702,-0.18329952005669822,2
1.85,0.42664435891342783,-0.19657848400437888,0.27341340036670325,-0.18568538497225753,2
1.86,0.43500219619445823,-0.07435148301142512,0.2715565465169807,-0.18804814820598004,2
1.87,0.10348559827674986,-0.1821584566112444,0.26967606503492086,-0.1903876173747379,2
1.8800000000000001,0.2242365523448997,nan,0.2677721888611735,-0.19270360279033763,2
1.8900000000000001,0.10601411974583724,-0.26289022091190023,0.2658451528332701,-0.1949959174733687,2
1.9000000000000001,0.23555587342324227,-0.06616401803146679,0.2638951936585364,-0.19726437716675466,2
1.9100000000000001,0.5253533063525303,-0.2731304008589756,0.26192254988686886,-0.1995088003490065,2
1.92,0.16537206962850332,-0.16081802305712278,0.2599274618833788,-0.20172900824717718,2
1.93,0.2804236650497443,-0.3576119816224273,0.25791017180090703,-0.20392482484951663,2
1.94,0.20501160517034714,-0.21010530875523936,0.25587092355241187,-0.20609607691782666,2
1.95,0.14895772628422493,-0.27363904248068993,0.2538099627832336,-0.20824259399951514,2
1.96,0.1734808475165727,-0.2555662891138883,0.25172753684323845,-0.21036420843934844,2
1.97,0.1844660778620711,-0.261477777045573,0.24962389475884497,-0.21246075539090215,2
1.98,0.30846307130577955,-0.47192503292623905,0.24749928720493594,-0.21453207282770878,2
1.99,0.40980603683336647,-0.016118559224835266,0.24535396647665886,-0.21657800155410273,2
2.0,0.3453258612210574,-0.12823181611915208,0.24318818646111784,-0.2185983852157611,2
